{"fsd": 1.9920247083593696, "entropy": 348.5210204444728, "card": 62.16169696003391, "hh": 377.9876814020729, "change_det": 113.14702827679507}