{"fsd": 1.8578429655305357, "entropy": 102.29461225773017, "card": 50.4446204184307, "hh": 104.72664081949195, "change_det": 27.597381727676474}