{"card": {"1": {"32768": [0.8804397901934401, 0.847252179807739, 0.48931187305901536, 0.7730111584606144, 1.467236454797949, 0.8525540807312971, 1.0902792603306033, 0.8456609366192991, 0.6203218033129977, 0.8595234964044387], "65536": [9.852957525234869, 10.130585071456682, 9.86005074841453, 10.282913255805907, 10.9164575300997, 10.099388473656854, 9.681413749571098, 9.175508326577134, 9.686362454493048, 9.717389857841185]}}}