{"card": {"1": {"32768": [49.93112255168128, 49.85603366470922, 49.93827326975683, 49.81583771296109, 49.48186375940139, 49.772483337075336, 49.73138447897233, 49.97950650834957, 49.8476724406733, 50.02284624728987], "65536": [48.63210298219365, 48.48572877205439, 48.574983272014556, 48.46029286749388, 48.206079513319196, 48.449729361028055, 48.56778309219474, 48.76937725085867, 48.60848591843942, 48.688254575923544]}}}